[
  {
    "id": "dEZsBleoEG",
    "name": "core-api控制器",
    "apis": [
      {
        "id": "99410aae105c47cbb5ae9307a1a482ff",
        "idGroup": "dEZsBleoEG",
        "nameGroup": "core-api控制器",
        "url": "/api/test",
        "name": "测试",
        "desc": null,
        "fieldStr": [],
        "exclude": [],
        "fields": [
          {
            "name": "id",
            "type": "string",
            "desc": "id",
            "def": "001",
            "notEmpty": false,
            "lang": 0
          },
          {
            "name": "name",
            "type": "string",
            "desc": "测试字段1",
            "def": "",
            "notEmpty": false,
            "lang": 0
          },
          {
            "name": "bool",
            "type": "string",
            "desc": "bool",
            "def": "true",
            "notEmpty": true,
            "lang": 50
          },
          {
            "name": "phone",
            "type": "string",
            "desc": "",
            "def": "",
            "notEmpty": false,
            "lang": 0
          }
        ],
        "returnFields": [],
        "res": [],
        "dict": null,
        "dicts": [
          {
            "id": "indidEccOg",
            "idGroup": null,
            "nameGroup": null,
            "url": null,
            "name": "value",
            "desc": "desc",
            "fieldStr": [],
            "exclude": [],
            "fields": [
              {
                "name": "id",
                "type": "string",
                "desc": "id",
                "def": "001",
                "notEmpty": false,
                "lang": 0
              },
              {
                "name": "bool",
                "type": "string",
                "desc": "bool",
                "def": "true",
                "notEmpty": true,
                "lang": 50
              },
              {
                "name": "name",
                "type": "string",
                "desc": "用户名",
                "def": "hahah",
                "notEmpty": false,
                "lang": 100
              }
            ],
            "returnFields": [],
            "res": [],
            "dict": null,
            "dicts": []
          }
        ]
      },
      {
        "id": "c3668eba50731afe90d88189723d6cb3",
        "idGroup": "dEZsBleoEG",
        "nameGroup": "core-api控制器",
        "url": "/api/test2",
        "name": "测试2",
        "desc": null,
        "fieldStr": [],
        "exclude": [],
        "fields": [
          {
            "name": "aa",
            "type": "string",
            "desc": "",
            "def": "",
            "notEmpty": false,
            "lang": 0
          },
          {
            "name": "id",
            "type": "string",
            "desc": "id",
            "def": "001",
            "notEmpty": false,
            "lang": 0
          },
          {
            "name": "aaaa",
            "type": "string",
            "desc": "",
            "def": "",
            "notEmpty": false,
            "lang": 0
          },
          {
            "name": "bool",
            "type": "string",
            "desc": "bool",
            "def": "true",
            "notEmpty": true,
            "lang": 50
          },
          {
            "name": "name",
            "type": "string",
            "desc": "用户名",
            "def": "hahah",
            "notEmpty": false,
            "lang": 100
          }
        ],
        "returnFields": [],
        "res": [],
        "dict": null,
        "dicts": [
          {
            "id": "URgpmmRXBz",
            "idGroup": null,
            "nameGroup": null,
            "url": null,
            "name": null,
            "desc": null,
            "fieldStr": [],
            "exclude": [],
            "fields": [],
            "returnFields": [],
            "res": [],
            "dict": null,
            "dicts": []
          }
        ]
      },
      {
        "id": "329f2b7ecfe82cef2fc574055cb6fca0",
        "idGroup": "dEZsBleoEG",
        "nameGroup": "core-api控制器",
        "url": "/api/system",
        "name": "获取服务器信息",
        "desc": null,
        "fieldStr": [],
        "exclude": [],
        "fields": [
          {
            "name": "id",
            "type": "string",
            "desc": "id",
            "def": "001",
            "notEmpty": false,
            "lang": 0
          },
          {
            "name": "bool",
            "type": "string",
            "desc": "bool",
            "def": "true",
            "notEmpty": true,
            "lang": 50
          },
          {
            "name": "name",
            "type": "string",
            "desc": "用户名",
            "def": "hahah",
            "notEmpty": false,
            "lang": 100
          }
        ],
        "returnFields": [],
        "res": [],
        "dict": null,
        "dicts": [
          {
            "id": "tEKMjQoWeF",
            "idGroup": null,
            "nameGroup": null,
            "url": null,
            "name": null,
            "desc": null,
            "fieldStr": [],
            "exclude": [],
            "fields": [],
            "returnFields": [],
            "res": [],
            "dict": null,
            "dicts": []
          }
        ]
      }
    ]
  }
]