[
  {
    "id": "gLqwqEmEMK",
    "name": "core-api控制器",
    "apis": [
      {
        "id": "eIIXAVwkYa",
        "idGroup": "gLqwqEmEMK",
        "nameGroup": "core-api控制器",
        "url": "/api/test",
        "name": "测试",
        "desc": null,
        "method": null,
        "fieldStr": [],
        "beans": [],
        "exclude": [],
        "fields": [
          {
            "name": "aa",
            "type": "string",
            "desc": "",
            "def": ""
          },
          {
            "name": "aaaa",
            "type": "string",
            "desc": "测试字段1",
            "def": ""
          }
        ],
        "_fields": [],
        "returnFields": [],
        "_res": [],
        "res": [
          {
            "id": "NAzfFVGZsz",
            "idGroup": null,
            "nameGroup": null,
            "url": null,
            "name": null,
            "desc": "aaa",
            "method": null,
            "fieldStr": [],
            "beans": [],
            "exclude": [],
            "fields": [
              {
                "name": "aa",
                "type": "string",
                "desc": "",
                "def": ""
              },
              {
                "name": "aaaa",
                "type": "string",
                "desc": "测试字段1",
                "def": ""
              }
            ],
            "_fields": [],
            "returnFields": [],
            "_res": [],
            "res": []
          }
        ]
      },
      {
        "id": "FZHzKWLJeb",
        "idGroup": "gLqwqEmEMK",
        "nameGroup": "core-api控制器",
        "url": "/api/test2",
        "name": "测试",
        "desc": null,
        "method": null,
        "fieldStr": [],
        "beans": [],
        "exclude": [],
        "fields": [
          {
            "name": "aa",
            "type": "string",
            "desc": "",
            "def": ""
          },
          {
            "name": "id",
            "type": "number",
            "desc": "",
            "def": ""
          },
          {
            "name": "aaaa",
            "type": "string",
            "desc": "",
            "def": ""
          },
          {
            "name": "bool",
            "type": "boolean",
            "desc": "",
            "def": ""
          },
          {
            "name": "name",
            "type": "string",
            "desc": "",
            "def": ""
          }
        ],
        "_fields": [],
        "returnFields": [],
        "_res": [],
        "res": [
          {
            "id": "wrfPPSySdd",
            "idGroup": null,
            "nameGroup": null,
            "url": null,
            "name": null,
            "desc": "aaa",
            "method": null,
            "fieldStr": [],
            "beans": [],
            "exclude": [],
            "fields": [
              {
                "name": "aa",
                "type": "string",
                "desc": "",
                "def": ""
              },
              {
                "name": "id",
                "type": "number",
                "desc": "",
                "def": ""
              },
              {
                "name": "aaaa",
                "type": "string",
                "desc": "",
                "def": ""
              },
              {
                "name": "bool",
                "type": "boolean",
                "desc": "",
                "def": ""
              },
              {
                "name": "name",
                "type": "string",
                "desc": "",
                "def": ""
              }
            ],
            "_fields": [],
            "returnFields": [],
            "_res": [],
            "res": []
          }
        ]
      },
      {
        "id": "zpHUXfXelp",
        "idGroup": "gLqwqEmEMK",
        "nameGroup": "core-api控制器",
        "url": "/api/system",
        "name": "获取服务器信息",
        "desc": null,
        "method": null,
        "fieldStr": [],
        "beans": [],
        "exclude": [],
        "fields": [
          {
            "name": "id",
            "type": "number",
            "desc": "",
            "def": ""
          },
          {
            "name": "bool",
            "type": "boolean",
            "desc": "",
            "def": ""
          },
          {
            "name": "name",
            "type": "string",
            "desc": "",
            "def": ""
          }
        ],
        "_fields": [],
        "returnFields": [],
        "_res": [],
        "res": []
      }
    ]
  }
]