[
  {
    "id": "RfcmfAaCGq",
    "name": "examplesController",
    "apis": [
      {
        "id": "BHDekbBRCO",
        "idGroup": "RfcmfAaCGq",
        "nameGroup": "examplesController",
        "url": "/api/test",
        "name": "测试",
        "method": null,
        "fieldStr": [],
        "beans": [],
        "exclude": [],
        "fields": [
          {
            "name": "aa",
            "type": "",
            "desc": "",
            "def": ""
          },
          {
            "name": "aaaa",
            "type": "",
            "desc": "",
            "def": ""
          }
        ],
        "_fields": [],
        "returnFields": []
      },
      {
        "id": "pSkpxEmVJr",
        "idGroup": "RfcmfAaCGq",
        "nameGroup": "examplesController",
        "url": "/api/system",
        "name": "获取服务器信息",
        "method": null,
        "fieldStr": [],
        "beans": [],
        "exclude": [],
        "fields": [],
        "_fields": [],
        "returnFields": []
      }
    ]
  },
  {
    "id": "RfcmfAaCaGq",
    "name": "examplesController2",
    "apis": [
      {
        "id": "BHDekabBRCO",
        "idGroup": "RfcmfAaCaGq",
        "nameGroup": "examplesController2",
        "url": "/api/test",
        "name": "测试",
        "method": null,
        "fieldStr": [],
        "beans": [],
        "exclude": [],
        "fields": [
          {
            "name": "aa",
            "type": "",
            "desc": "",
            "def": ""
          },
          {
            "name": "aaaa",
            "type": "",
            "desc": "",
            "def": ""
          }
        ],
        "_fields": [],
        "returnFields": []
      },
      {
        "id": "pSkpxEamVJr",
        "idGroup": "RfcmfAaCaGq",
        "nameGroup": "examplesController2",
        "url": "/api/system",
        "name": "获取服务器信息",
        "method": null,
        "fieldStr": [],
        "beans": [],
        "exclude": [],
        "fields": [],
        "_fields": [],
        "returnFields": []
      }
    ]
  }
]